<component name="libraryTable">
  <library name="Maven: commons-logging:commons-logging:1.2">
    <CLASSES>
      <root url="jar://$MAVEN_REPOSITORY$/commons-logging/commons-logging/1.2/commons-logging-1.2.jar!/" />
    </CLASSES>
    <JAVADOC>
      <root url="jar://$MAVEN_REPOSITORY$/commons-logging/commons-logging/1.2/commons-logging-1.2-javadoc.jar!/" />
    </JAVADOC>
    <SOURCES>
      <root url="jar://$MAVEN_REPOSITORY$/commons-logging/commons-logging/1.2/commons-logging-1.2-sources.jar!/" />
    </SOURCES>
  </library>
</component>