<component name="libraryTable">
  <library name="Maven: com.microsoft.ews-java-api:ews-java-api:2.0">
    <CLASSES>
      <root url="jar://$MAVEN_REPOSITORY$/com/microsoft/ews-java-api/ews-java-api/2.0/ews-java-api-2.0.jar!/" />
    </CLASSES>
    <JAVADOC>
      <root url="jar://$MAVEN_REPOSITORY$/com/microsoft/ews-java-api/ews-java-api/2.0/ews-java-api-2.0-javadoc.jar!/" />
    </JAVADOC>
    <SOURCES>
      <root url="jar://$MAVEN_REPOSITORY$/com/microsoft/ews-java-api/ews-java-api/2.0/ews-java-api-2.0-sources.jar!/" />
    </SOURCES>
  </library>
</component>