<component name="libraryTable">
  <library name="Maven: org.apache.commons:commons-lang3:3.4">
    <CLASSES>
      <root url="jar://$MAVEN_REPOSITORY$/org/apache/commons/commons-lang3/3.4/commons-lang3-3.4.jar!/" />
    </CLASSES>
    <JAVADOC>
      <root url="jar://$MAVEN_REPOSITORY$/org/apache/commons/commons-lang3/3.4/commons-lang3-3.4-javadoc.jar!/" />
    </JAVADOC>
    <SOURCES>
      <root url="jar://$MAVEN_REPOSITORY$/org/apache/commons/commons-lang3/3.4/commons-lang3-3.4-sources.jar!/" />
    </SOURCES>
  </library>
</component>